track_name,artists,rows,best_rank,first_chart,last_chart,track_uri
Mr. Brightside,The Killers,2088,4,2020-08-15,2026-09-17,spotify:track:003vvx7Niy0yvhvHt4a68B
Money Trees,Kendrick Lamar|Jay Rock,1658,17,2017-04-14,2026-08-27,spotify:track:2HbKqm4o0w5wEeEFXm2sD4
Iris,The Goo Goo Dolls,924,9,2017-02-14,2026-09-17,spotify:track:6Qyc6fS4DsZjB2mRW9DsQs
Santa Baby (with Henri René & His Orchestra),Eartha Kitt|Henri René and His Orchestra,290,18,2017-11-24,2025-12-26,spotify:track:1foCxQtxBweJtZmdxhEHVO
"Carol of the Bells (From ""Home Alone"" Soundtrack)",John Williams,276,16,2017-11-23,2025-12-26,spotify:track:4tHqQMWSqmL6YjXwsqthDI
"Lover, You Should've Come Over",Jeff Buckley,251,49,2025-03-31,2026-09-17,spotify:track:6Jv7kjGkhY2fT4yuBF3aTz
Headlock,Imogen Heap,235,32,2025-01-06,2025-09-21,spotify:track:63Pi2NAx5yCgeLhCTOrEou
Here Comes Santa Claus (Right Down Santa Claus Lane) - 1947 Version,Gene Autry,231,27,2017-12-03,2025-12-26,spotify:track:25leEEaz1gIpp7o21Fqyjo
"Santa Claus Is Comin' to Town - Live at C.W. Post College, Greenvale, NY - December 1975",Bruce Springsteen,189,23,2017-12-24,2025-12-26,spotify:track:6s2wpWPFPAgKg2LXxi1Oee
This Christmas,Donny Hathaway,180,30,2018-12-24,2025-12-26,spotify:track:7MSYSOobsombc1mbDWFxtD
Mistletoe And Holly - Remastered 1999,Frank Sinatra,176,29,2017-12-03,2025-12-25,spotify:track:7faDzZnZYqTyYThx2sbHVQ
Jingle Bells - Remastered 1999,Frank Sinatra,161,17,2017-12-25,2025-12-26,spotify:track:4HEOgBHRCExyYVeTyrXsnL
FEFE (feat. Nicki Minaj & Murda Beatz),6ix9ine|Nicki Minaj|Murda Beatz,143,2,2018-07-22,2018-12-11,spotify:track:2E124GmJRnBJuXbTb4cPUB
Have Yourself A Merry Little Christmas - Remastered 1999,Frank Sinatra,137,29,2020-12-24,2025-12-26,spotify:track:2FPfeYlrbSBR8PwCU0zaqq
Listen to the Music,The Doobie Brothers,134,50,2023-07-04,2026-07-04,spotify:track:7Ar4G7Ci11gpt6sfH9Cgz5
Kryptonite,3 Doors Down,126,43,2025-05-08,2026-09-17,spotify:track:6ZOBP3NvffbU4SZcrnt1k6
FEFE (feat. Nicki Minaj & Murda Beatz),6ix9ine|Nicki Minaj|Murda Beatz,126,29,2018-12-12,2019-05-04,spotify:track:4QIyEq7TcTdAcxjI2AFlAK
You Make My Dreams (Come True),Daryl Hall & John Oates,125,74,2017-01-01,2025-07-05,spotify:track:4o6BgsqLIBViaGVbx5rbRk
TATI (feat. DJ Spinking),6ix9ine|DJ SpinKing,124,19,2018-05-27,2018-12-06,spotify:track:6kp0inxIexxSiDJfWqq0ZL
KIKA (feat. Tory Lanez),6ix9ine|Tory Lanez,123,2,2018-11-27,2019-03-30,spotify:track:6Gy7rXB6Ku5vIWC7WGWsl3
Silver Bells,Dean Martin,104,25,2017-11-26,2025-12-25,spotify:track:4QX5pZQpQTgVlkqfUTDim0
Vienna,Billy Joel,101,128,2024-07-25,2025-12-31,spotify:track:4U45aEWtQhrm8A5mxPaFZ7
Classic,MKTO,99,96,2021-03-11,2022-04-15,spotify:track:6FE2iI43OZnszFLuLtvvmg
BEBE (feat. Anuel AA),6ix9ine|Anuel AA,83,20,2018-08-31,2018-12-11,spotify:track:7ATATJztoWLcqDAcVVof0C
Good as Hell (feat. Ariana Grande) - Remix,Lizzo|Ariana Grande,82,21,2019-10-25,2020-01-29,spotify:track:07Oz5StQ7GRoygNLaXs2pd
Young,Vacations,77,123,2022-02-01,2022-05-05,spotify:track:1KIJclzEbNhSVw8tiHPWwE
Wonderwall - Remastered,Oasis,77,6,2017-02-09,2026-09-17,spotify:track:5qqabIl2vWzo9ApSC317sa
"You're A Mean One, Mr. Grinch - From Dr. Seuss' 'How The Grinch Stole Christmas'",Thurl Ravenscroft,75,37,2017-12-02,2021-12-26,spotify:track:6Tof6kPUc2a17GKaKz4IXz
Mr. Brightside,The Killers,71,83,2017-09-30,2019-08-15,spotify:track:7oK9VyNzrYvRFo7nQEYkWN
Hey Ya!,Outkast,69,80,2017-07-04,2026-09-05,spotify:track:2PpruBYCo4H7WOBJ7Q2EwM
STOOPID (feat. Bobby Shmurda),6ix9ine|Bobby Shmurda,68,5,2018-10-05,2018-12-11,spotify:track:1jQvUmf16VE9WQCPuK2e8K
MAMA (feat. Nicki Minaj & Kanye West),6ix9ine|Kanye West|Nicki Minaj,58,3,2018-11-27,2019-01-24,spotify:track:1oJ8EDr2pv94IvSd6ZmDgo
m.A.A.d city,Kendrick Lamar|MC Eiht,53,102,2017-01-18,2025-02-10,spotify:track:439TlnnznSiBbQbgXiBqAd
Monster Mash,"Bobby ""Boris"" Pickett|The Crypt-Kickers",47,1,2017-10-29,2025-11-01,spotify:track:0xxZY5C9xxij3D1HkzbnfC
WAKA (feat. A Boogie Wit da Hoodie),6ix9ine|A Boogie Wit da Hoodie,44,5,2018-11-27,2019-01-11,spotify:track:6o79O9qBP3OAkWOXajAQIS
Headlock,Imogen Heap,44,45,2024-11-12,2025-01-05,spotify:track:7vTENp2sLS3sPY5z4npYNr
TIC TOC (feat. Lil Baby),6ix9ine|Lil Baby,42,2,2018-11-27,2019-01-08,spotify:track:4m5Cd9kAbIxg6t9sMrQWtk
Like a Stone,Audioslave,42,67,2017-05-18,2026-09-17,spotify:track:2xt2piJx6jlFkjS77YiqpL
Up Down (Do This All Day) (feat. B.o.B),T-Pain|B.o.B,38,86,2025-08-26,2025-10-10,spotify:track:6lbhWl34Il0WXm5pX1fM9E
Mr. Brightside,The Killers,35,130,2020-05-03,2020-08-02,spotify:track:7d8GetOsjbxYnlo6Y9e5Kw
Linger - Remastered 2026,The Cranberries,30,23,2026-08-07,2026-09-17,spotify:track:1WYrTfvKjQYaYfVziGG1ET
(Sittin' On) the Dock of the Bay,Otis Redding,29,89,2021-11-25,2024-11-29,spotify:track:3zBhihYUHBmGd2bcQIobrF
(Don't Fear) The Reaper,Blue Öyster Cult,27,19,2017-10-31,2025-11-01,spotify:track:5QTxFnGygVM4jFQiBovmRo
Dog Days Are Over,Florence + The Machine,25,87,2023-05-07,2023-06-01,spotify:track:456WNXWhDwYOSf5SpTuqxd
The First Noel - Remastered 1999,Frank Sinatra,25,31,2017-12-03,2020-12-25,spotify:track:6keKIzkXWdbwJWMBJQUwYl
9 to 5,Dolly Parton,22,2,2026-08-25,2026-09-15,spotify:track:4w3tQBXhn5345eUXDGBWZG
Rudolph the Red-Nosed Reindeer,Gene Autry,22,81,2017-12-24,2025-12-25,spotify:track:1dtIaSlyrLI04sqYa8nLyN
Would You Go With Me,Josh Turner,18,111,2021-05-06,2021-06-08,spotify:track:1KhrAWvLIjRlQIJtSTgvsi
American Pie,Don McLean,18,7,2019-07-04,2026-07-06,spotify:track:1fDsrQ23eTAVFElUMaf38X
Do You Hear What I Hear,Bing Crosby,18,48,2023-12-09,2023-12-26,spotify:track:1sGl3liCZn91OcFpjOJXIE
This Love,Maroon 5,17,156,2025-10-15,2026-03-25,spotify:track:6ECp64rv50XVz93WvxXMGF
The First Noël,Andy Williams,17,72,2021-12-05,2025-12-25,spotify:track:4r87anpJZfl5p6OsBZnrZs
Sleigh Ride,Andy Williams,16,50,2017-12-22,2025-12-25,spotify:track:5ymVfeMK8cDew5vzntTuc7
Jack & Diane,John Mellencamp,13,51,2019-07-04,2026-07-05,spotify:track:43btz2xjMKpcmjkuRsvxyg
Merry Christmas Baby,Otis Redding,13,88,2020-12-24,2025-12-25,spotify:track:4STCTQ1h0VuWfvDyhGOxkv
KANGA (feat. Kanye West),6ix9ine|Kanye West,11,12,2018-11-27,2018-12-07,spotify:track:0EwS8XJQspgrj1zSUXhFkl
Just the Two of Us (feat. Bill Withers),"Grover Washington, Jr.|Bill Withers",11,171,2020-12-03,2021-01-03,spotify:track:1ko2lVN0vKGUl9zrU0qSlT
All The Things She Said,t.A.T.u.,11,144,2026-01-12,2026-01-22,spotify:track:4bJygwUKrRgq1stlNXcgMg
Ignition - Remix,R. Kelly,10,180,2017-01-01,2018-04-15,spotify:track:5dNfHmqgr128gMY2tc5CeJ
Should I Stay or Should I Go - Remastered,The Clash,10,133,2017-01-01,2026-01-08,spotify:track:39shmbIHICJ2Wxnk1fPSdz
Right Down the Line,Gerry Rafferty,9,154,2022-01-24,2022-02-01,spotify:track:2Xb6wJYGi0QXwURw5WWvI5
Halo,Beyoncé,9,63,2017-01-28,2019-02-14,spotify:track:2CvOqDpQIMw69cCzWqr5yr
Brandy (You're a Fine Girl),Looking Glass,9,113,2023-07-04,2025-07-05,spotify:track:2BY7ALEWdloFHgQZG6VMLA
Punkrocker (feat. Iggy Pop) - As featured in Superman,Teddybears|Iggy Pop,8,68,2025-07-16,2025-07-24,spotify:track:7yHRmaBkHKXKJmS1xMzicZ
The Christmas Waltz,Peggy Lee,8,76,2017-12-24,2021-12-25,spotify:track:4DV9KToOaC0khx2MqOZstE
I Put a Spell On You,Screamin' Jay Hawkins,8,48,2019-10-31,2025-10-31,spotify:track:3sLhMSePzxSrmxluIqeoAZ
Since U Been Gone,Kelly Clarkson,8,116,2026-08-19,2026-08-26,spotify:track:6JY1IdkZGeIcPegKxjSKeb
Gimme! Gimme! Gimme! (A Man After Midnight),ABBA,8,44,2022-10-31,2026-01-01,spotify:track:3vkQ5DAB1qQMYO4Mr9zJN6
MALA (feat. Anuel AA),6ix9ine|Anuel AA,8,31,2018-11-28,2018-12-05,spotify:track:0LQ1J0BCzA2qnAgp9MkkNE
FEEFA (feat. Gunna),6ix9ine|Gunna,7,14,2018-11-28,2018-12-04,spotify:track:26jYPsHHSOxCTz4cLt6SbQ
STOOPID (feat. Bobby Shmurda),6ix9ine|Bobby Shmurda,7,144,2018-12-12,2018-12-18,spotify:track:6k2iq1yULhXILe0i8xQqPF
White Christmas (02-04-54),Clyde McPhatter & The Drifters,6,69,2024-12-20,2024-12-25,spotify:track:5Ds51Ek912Zaprrt61JNO0
,,6,18,2026-07-13,2026-07-18,spotify:track:3vuTjROEdeCq8V3c1cvlxJ
Christmas Time,The Platters,6,77,2017-12-24,2020-12-25,spotify:track:2345kZ5rt8eHjO8CFpx3Yi
She Will Be Loved - Radio Mix,Maroon 5,6,128,2017-02-14,2025-10-15,spotify:track:4llK75pXNWZz6KAho2Gp16
"F**kin' Problems (feat. Drake, 2 Chainz & Kendrick Lamar)",A$AP Rocky|Drake|2 Chainz|Kendrick Lamar,6,186,2017-02-05,2017-04-15,spotify:track:4X5f3vT8MRuXF68pfjNte5
The Christmas Waltz - Remastered 1999,Frank Sinatra,6,103,2022-12-24,2025-12-25,spotify:track:6G7QhTqDsP5vIdLQTYXXOU
White Christmas,The Drifters,6,97,2025-12-20,2025-12-25,spotify:track:72Z28IsvEVLjSWdUKEQgZ0
I Will Always Love You,Dolly Parton,6,6,2026-08-25,2026-08-30,spotify:track:77bNe6jYY8yHdP7orXrz5I
,,6,122,2017-11-09,2017-11-14,spotify:track:1YqcGlCHNquxBhlUZsjhMT
Dancing Queen,ABBA,6,114,2022-07-04,2026-01-01,spotify:track:0GjEhVFGZW8afUYGChu3Rr
"Bitch, Don’t Kill My Vibe",Kendrick Lamar,5,119,2022-02-14,2025-02-13,spotify:track:4Pwjz3DfvfQWV0rO2V8jyh
Frosty the Snowman (with The Cass County Boys) - 78rpm Version,Gene Autry|Cass County Boys,5,139,2022-12-25,2025-12-25,spotify:track:3i8j2dKXChkErfi8jsDDuH
Coat of Many Colors,Dolly Parton,5,7,2026-08-25,2026-08-29,spotify:track:1l2Xmg54EUr3TDzNIaCr1z
BEBE (feat. Anuel AA),6ix9ine|Anuel AA,5,165,2018-12-12,2018-12-16,spotify:track:4KkUjFkcQvGvWekl8RATDn
Mr. Blue Sky,Electric Light Orchestra,5,150,2017-05-08,2022-07-04,spotify:track:2RlgNHKcydI9sayD2Df2xp
Fashion Killa,A$AP Rocky,5,168,2026-01-26,2026-01-31,spotify:track:0O3TAouZE4vL9dM5SyxgvH
Dab of Ranch - Recorded at Spotify Studios NYC,Migos|DJ Durel,4,148,2017-02-11,2017-02-16,spotify:track:3lNfezSWDZIdt6XMwyNCJi
Poetic Justice,Kendrick Lamar|Drake,4,104,2025-02-10,2025-02-13,spotify:track:2P3SLxeQHPqh8qKB6gtJY2
A Marshmallow World,Dean Martin,4,82,2024-12-23,2025-12-25,spotify:track:3szI9hDVbyOYU0yd77G35n
Silent Night - 1999 Remaster,Frank Sinatra,4,157,2021-12-25,2023-12-25,spotify:track:5yNgdD8E6WruhULb4n2Con
R.O.C.K. In The U.S.A. (A Salute To 60's Rock),John Mellencamp,3,32,2025-07-04,2026-07-05,spotify:track:0lqfBvf1Gqmmt3l5Qeirlm
Carry on Wayward Son,Kansas,3,123,2021-07-04,2025-07-04,spotify:track:4DMKwE2E2iYDKY01C335Uw
The Christmas List,Peggy Lee,3,122,2021-12-24,2022-12-25,spotify:track:2Vfm43BaQcTY55P6R9WvRe
Break Stuff,Limp Bizkit,3,168,2025-10-21,2025-10-23,spotify:track:5cZqsjVs6MevCnAkasbEOX
Hey Santa Claus,The Moonglows,3,21,2024-12-13,2024-12-15,spotify:track:4HOQ9KMQPdaR5YrOuhrA60
2000 Miles - 2007 Remaster,Pretenders,3,169,2020-12-25,2024-12-25,spotify:track:5wTM2Bm8phDwHAuOsfBwhU
DUMMY (feat. TrifeDrew),6ix9ine|TrifeDrew,3,45,2018-11-28,2018-11-30,spotify:track:3uPuEFKEzGTn628CCQZUCF
Paradise by the Dashboard Light (with Ellen Foley),Meat Loaf|Ellen Foley,2,77,2022-01-21,2022-01-22,spotify:track:7mzHEzbsl5iOvBRuXwReZU
Lust For Life,Drake,2,97,2019-02-15,2019-02-16,spotify:track:1v24T2ug4TlssYZvI3aL4O
Show Me How to Live,Audioslave,2,127,2017-05-18,2017-05-19,spotify:track:21tuvt3CXIsNquc32v8jpc
Pink Houses,John Mellencamp,2,151,2021-07-04,2022-07-04,spotify:track:5JKQMoGmXwDHCodn5pFVHB
You Wreck Me,Tom Petty,2,59,2017-10-03,2017-10-04,spotify:track:0YkbYk24ODhuewb79zZZzM
November 18th,Drake,2,149,2019-02-15,2019-02-16,spotify:track:0JaVdpmiex2EP7bBzyKVTa
,,2,125,2017-07-22,2017-07-23,spotify:track:6Br5mChPdgQNmLF0G0gjPH
Stand by Me,Otis Redding,2,155,2017-01-01,2020-11-26,spotify:track:1aj4GXfmEYXfdVZohCpNKu
Successful (feat. Trey Songz & Lil Wayne),Drake|Trey Songz|Lil Wayne,2,120,2019-02-15,2019-02-16,spotify:track:6NwhtCYkfwWlcR62Ac4E7y
A Horse with No Name,America|George Martin,2,186,2026-04-01,2026-04-04,spotify:track:54eZmuggBFJbV7k248bTTt
"Take Me Home, Country Roads - Original Version",John Denver,2,151,2026-07-04,2026-07-05,spotify:track:1YYhDizHx7PnDhAhko6cDS
You Don't Know How It Feels,Tom Petty,2,55,2017-10-03,2017-10-04,spotify:track:7MooGz4ZPE4bNxjFegR6Jx
Can't Take My Eyes off You,Frankie Valli,2,111,2026-02-14,2026-02-15,spotify:track:0bfvHnWWOeU1U5XeKyVLbW
,,2,63,2017-07-20,2017-07-21,spotify:track:3bVbQvGVIe4n24AzyXovXh
Houstatlantavegas,Drake,2,112,2019-02-15,2019-02-16,spotify:track:3XLSlQLJf3Ut0zvMUxnF1h
The Wreck of the Edmund Fitzgerald,Gordon Lightfoot,2,63,2025-11-10,2025-11-11,spotify:track:536L9C0N7vhYdibCJx3cI2
,,2,33,2017-07-20,2017-07-21,spotify:track:3eFJqPe8VUYrABbFjSauuj
FEFE (feat. Nicki Minaj & Murda Beatz),6ix9ine|Nicki Minaj|Murda Beatz,2,185,2020-05-12,2020-05-13,spotify:track:2l8nEO0vsTRCRnGqQty6qx
The Christmas Song (Chestnuts Roasting On an Open Fire),Andy Williams,2,174,2023-12-25,2024-12-25,spotify:track:4A742PQbmGq3JVJ7aKjk2K
OMG (Young Money Remix),Jae Millz,2,88,2024-02-11,2024-02-12,spotify:track:0181HMomm7xM3Ks5YNlA9X
,,2,8,2017-07-20,2017-07-21,spotify:track:4JAyIDXOqNM6qHuZML01uX
Wildflowers,Tom Petty,2,64,2017-10-03,2017-10-04,spotify:track:2Pr1nZpt8A8WP7QYpyq6L3
WONDO,6ix9ine,2,48,2018-11-28,2018-11-29,spotify:track:3jHsYztlhj1GunIF6yIePH
I Want Candy,Bow Wow Wow,2,58,2021-10-31,2022-10-31,spotify:track:2FMcDUopGfjBh3xMsrm78S
,,2,16,2017-07-20,2017-07-21,spotify:track:3RXkboS74UYzN14xTqzPyY
Banana Boat (Day-O),Harry Belafonte,2,95,2025-10-31,2025-11-01,spotify:track:4fHDlIntTsRGSyTg5UYZYC
Hark! The Herald Angels Sing - Remastered 1999,Frank Sinatra,2,169,2024-12-25,2025-12-25,spotify:track:2BLwLAc1swTc4TC7K3J506
Home,Michael Bublé,2,104,2021-11-25,2022-11-24,spotify:track:4wLZ4zPM9c4oe1VV8ejdWV
Timber,Pitbull|Kesha,2,81,2025-01-01,2026-01-01,spotify:track:3cHyrEgdyYRjgJKSOiOtcS
,,1,35,2024-04-19,2024-04-19,spotify:track:6rtEzZyFomFPjpSPymcebO
Two Out of Three Ain't Bad,Meat Loaf,1,171,2022-01-21,2022-01-21,spotify:track:6zYdoGQaG0LwePeZdTWkg3
Angel from Montgomery,John Prine,1,64,2020-04-08,2020-04-08,spotify:track:2qWKpYIleSvBT6aUMXoia5
,,1,70,2023-03-11,2023-03-11,spotify:track:388w7AL2APajofeBQqby1J
,,1,193,2024-01-31,2024-01-31,spotify:track:7yISDabQTwkhyWCDnEJiuh
Rockin' Around the Christmas Tree - Rerecorded Version,Brenda Lee,1,170,2024-12-25,2024-12-25,spotify:track:09OojFvtrM9YRzRjnXqJjA
Bat Out of Hell,Meat Loaf,1,177,2022-01-21,2022-01-21,spotify:track:0VafPclbphrwh36WraHWws
"""Heroes"" - 2017 Remaster",David Bowie,1,186,2026-01-03,2026-01-03,spotify:track:7Jh1bpe76CNTCgdgAdBw4Z
Medellín,Madonna|Maluma,1,181,2019-04-19,2019-04-19,spotify:track:3tTV4DYlhkiXRNiiXwIAPf
I'll Be Home For Christmas (If Only In My Dreams) - Remastered 1999,Frank Sinatra,1,179,2025-12-25,2025-12-25,spotify:track:0AY6UDs5EyeW45oQkEpsly
A Horse with No Name,America|George Martin,1,198,2026-07-04,2026-07-04,spotify:track:0iAzEJWNn7ZLAldDEYLECV
White Christmas - Remastered 1999,Frank Sinatra,1,190,2025-12-25,2025-12-25,spotify:track:3qcjMLT05VwLyZ8BNQgXZh
Tainted Love,Soft Cell,1,174,2021-10-31,2021-10-31,spotify:track:0cGG2EouYCEEC3xfa0tDFV
Grandma Got Run over by a Reindeer,Elmo & Patsy,1,182,2023-12-25,2023-12-25,spotify:track:49iHYFjT5yO6WEw6KerX9o
Ignant Shit (feat. Lil Wayne),Drake|Lil Wayne,1,160,2019-02-15,2019-02-15,spotify:track:2hcohLIysMxofYziluXCoX
We Three Kings - Remastered 2006,Ella Fitzgerald,1,165,2022-12-25,2022-12-25,spotify:track:0si9tjG0DZWkgydIyJBM0N
Banana Boat (Day-O),Harry Belafonte,1,74,2024-10-31,2024-10-31,spotify:track:26M0nMLdE4WFYaS2ewTl8M
Meditation,Walter Wanderley,1,104,2025-04-01,2025-04-01,spotify:track:2DlsEWns58UPs5X7PXrPJI
Time To Move On,Tom Petty,1,86,2017-10-03,2017-10-03,spotify:track:20dt11ZTAtjsfcNJLP9u30
Acá Entre Nos,Vicente Fernández,1,118,2021-12-13,2021-12-13,spotify:track:2FDFz5TuYlpP180AUicAcl
Centerfold,The J. Geils Band,1,167,2022-07-04,2022-07-04,spotify:track:1ynmMEK1fkyiZ6Z6F3ThEt
(What A) Wonderful World - Mono,Sam Cooke,1,97,2020-11-26,2020-11-26,spotify:track:2G0GextMwZJLkNxcSZ7ZJ3
O-o-h Child,The Five Stairsteps,1,155,2020-06-02,2020-06-02,spotify:track:1rwGdnrtWnPYBipRrjnzEm
Small Town,John Mellencamp,1,104,2026-07-04,2026-07-04,spotify:track:2HsjJJL4DhPCzMlnaGv7ap
Am I Wrong,Nico & Vinz,1,150,2018-07-04,2018-07-04,spotify:track:1fidCEsYlaVE3pHwKCvpFZ
It's Good To Be King,Tom Petty,1,145,2017-10-03,2017-10-03,spotify:track:1c0flvMImhKMuiZIc0VzEb
Cochise,Audioslave,1,173,2017-05-18,2017-05-18,spotify:track:4OCzAGgyWsUKpdWufYywZm
Let’s Call It Off (feat. Peter Bjorn and John),Drake|Peter Bjorn and John,1,174,2019-02-15,2019-02-15,spotify:track:4FDSPGncHRpr6yB8DD4CtI
,,1,191,2023-05-04,2023-05-04,spotify:track:19eQKZicAzXgQ2Tg3y4K0N
"I Can't Help Myself (Sugar Pie, Honey Bunch)",Four Tops,1,174,2020-11-26,2020-11-26,spotify:track:6b6IMqP565TbtFFZg9iFf3
Send the Pain Below,Chevelle,1,200,2026-09-16,2026-09-16,spotify:track:6dRAAG4sB71NAtVCHJep7s
Change (In the House of Flies),Deftones,1,200,2025-08-21,2025-08-21,spotify:track:51c94ac31swyDQj9B3Lzs3
Banana Boat (Day-O),Harry Belafonte,1,186,2023-10-31,2023-10-31,spotify:track:6karniIiNCwiJW3LCmL90y
T-Shirt (Spotify Mix) - Recorded at Spotify Studios NYC,Migos,1,148,2017-02-10,2017-02-10,spotify:track:7yTGNfswQgcfZ0Y1LLI5aA
