h,transitions,top50,ranks_51_200,not_on_chart,zero_ranks
1,3546,0.9576988155668359,0.001692047377326565,0.04060913705583756,31
2,3545,0.9215796897038082,0.0031029619181946405,0.07531734837799718,28
3,3544,0.8922121896162528,0.004514672686230248,0.10327313769751693,23
4,3543,0.8619813717188823,0.004515946937623483,0.13350268134349422,19
5,3542,0.831733483907397,0.005081874647092038,0.163184641445511,17
6,3541,0.8034453544196555,0.005648121999435188,0.19090652358090934,14
7,3540,0.7759887005649717,0.005932203389830509,0.21807909604519773,13
8,3539,0.7584063294716021,0.005368748233964397,0.23622492229443345,11
9,3538,0.7416619559072922,0.0045223289994347085,0.25381571509327305,11
10,3537,0.7249081142210914,0.004523607577042691,0.27056827820186596,11
