prev_rank,count,prob,cum
1,3034,0.8934040047114252,0.8934040047114252
2,258,0.07597173144876325,0.9693757361601885
3,51,0.015017667844522967,0.9843934040047114
4,20,0.005889281507656066,0.9902826855123675
5,7,0.002061248527679623,0.9923439340400472
6,5,0.0014723203769140165,0.9938162544169612
7,3,0.0008833922261484099,0.9946996466431096
8,3,0.0008833922261484099,0.995583038869258
9,3,0.0008833922261484099,0.9964664310954064
10,1,0.0002944640753828033,0.9967608951707893
11,1,0.0002944640753828033,0.9970553592461721
12,0,0.0,0.9970553592461721
13,1,0.0002944640753828033,0.9973498233215549
14,1,0.0002944640753828033,0.9976442873969377
15,0,0.0,0.9976442873969377
16,1,0.0002944640753828033,0.9979387514723205
17,0,0.0,0.9979387514723205
18,0,0.0,0.9979387514723205
19,1,0.0002944640753828033,0.9982332155477033
20,0,0.0,0.9982332155477033
21,2,0.0005889281507656066,0.9988221436984689
22,0,0.0,0.9988221436984689
23,0,0.0,0.9988221436984689
24,0,0.0,0.9988221436984689
25,0,0.0,0.9988221436984689
26,0,0.0,0.9988221436984689
27,0,0.0,0.9988221436984689
28,0,0.0,0.9988221436984689
29,0,0.0,0.9988221436984689
30,0,0.0,0.9988221436984689
31,0,0.0,0.9988221436984689
32,0,0.0,0.9988221436984689
33,0,0.0,0.9988221436984689
34,2,0.0005889281507656066,0.9994110718492345
35,0,0.0,0.9994110718492345
36,0,0.0,0.9994110718492345
37,1,0.0002944640753828033,0.9997055359246173
38,0,0.0,0.9997055359246173
39,0,0.0,0.9997055359246173
40,0,0.0,0.9997055359246173
41,0,0.0,0.9997055359246173
42,0,0.0,0.9997055359246173
43,0,0.0,0.9997055359246173
44,0,0.0,0.9997055359246173
45,0,0.0,0.9997055359246173
46,0,0.0,0.9997055359246173
47,1,0.0002944640753828033,1.0
48,0,0.0,1.0
49,0,0.0,1.0
50,0,0.0,1.0
