rank_on_day_t,h1,h2,h3,h4,h5,h6,h7,h8,h9,h10
1,0.8934040047114252,0.8426691153963881,0.801707779886148,0.7701375245579568,0.7443991853360489,0.7261862917398946,0.712049508554787,0.6874068554396423,0.6642530487804879,0.6482059282371295
2,0.07597173144876325,0.09886746250382614,0.12144212523719165,0.1352324819908317,0.14188730482009504,0.14727592267135325,0.1503458318165271,0.1553651266766021,0.15891768292682926,0.16185647425897035
3,0.015017667844522967,0.02662993572084481,0.03225806451612903,0.0366732154551408,0.04073319755600815,0.03901581722319859,0.043319985438660356,0.04806259314456036,0.052210365853658534,0.05850234009360374
4,0.005889281507656066,0.011325374961738598,0.015812776723592662,0.019318925998690242,0.02240325865580448,0.023198594024604568,0.023662176920276664,0.027943368107302535,0.03086890243902439,0.02925117004680187
5,0.002061248527679623,0.004897459442913988,0.006008855154965212,0.008185985592665358,0.010522742701968771,0.01124780316344464,0.011649071714597743,0.013785394932935917,0.014100609756097561,0.015600624024960999
6,0.0014723203769140165,0.003367003367003367,0.004111321948134092,0.005239030779305829,0.007128309572301426,0.00843585237258348,0.009100837277029487,0.00894187779433681,0.011814024390243903,0.014040561622464899
7,0.0008833922261484099,0.001224364860728497,0.0028462998102466793,0.003929273084479371,0.006109979633401222,0.00773286467486819,0.008372770294867127,0.009314456035767511,0.008765243902439025,0.0093603744149766
8,0.0008833922261484099,0.0021426385062748698,0.002530044275774826,0.0026195153896529143,0.0027155465037338763,0.005272407732864675,0.005824535857298871,0.006333830104321907,0.008384146341463415,0.0078003120124804995
9,0.0008833922261484099,0.001224364860728497,0.001265022137887413,0.0016371971185330713,0.004073319755600814,0.00492091388400703,0.005096468875136513,0.004843517138599106,0.005716463414634146,0.0062402496099844
10,0.0002944640753828033,0.0018365472910927456,0.0028462998102466793,0.003929273084479371,0.00373387644263408,0.00421792618629174,0.0032763014197306154,0.0037257824143070045,0.004192073170731708,0.0046801872074883
11,0.0002944640753828033,0.0009182736455463728,0.001265022137887413,0.0016371971185330713,0.002036659877800407,0.00281195079086116,0.0029122679286494356,0.0037257824143070045,0.003429878048780488,0.0035101404056162248
12,0.0,0.0,0.00031625553447185326,0.0006548788474132286,0.00033944331296673454,0.00140597539543058,0.0018201674554058974,0.0022354694485842027,0.0022865853658536584,0.002730109204368175
13,0.0002944640753828033,0.0,0.00031625553447185326,0.0009823182711198428,0.002036659877800407,0.00281195079086116,0.0032763014197306154,0.005216095380029807,0.006859756097560976,0.005070202808112325
14,0.0002944640753828033,0.0006121824303642485,0.0006325110689437065,0.0006548788474132286,0.0010183299389002036,0.001054481546572935,0.0018201674554058974,0.0018628912071535022,0.003429878048780488,0.0046801872074883
15,0.0,0.0,0.0,0.0003274394237066143,0.00033944331296673454,0.000351493848857645,0.0014561339643247178,0.0014903129657228018,0.0011432926829268292,0.001170046801872075
16,0.0002944640753828033,0.0006121824303642485,0.0006325110689437065,0.0009823182711198428,0.0013577732518669382,0.0017574692442882249,0.0018201674554058974,0.0022354694485842027,0.0019054878048780487,0.0019500780031201249
17,0.0,0.0,0.0,0.0003274394237066143,0.00033944331296673454,0.001054481546572935,0.0014561339643247178,0.0018628912071535022,0.0022865853658536584,0.0035101404056162248
18,0.0,0.00030609121518212427,0.001265022137887413,0.0013097576948264572,0.0013577732518669382,0.00140597539543058,0.0018201674554058974,0.0014903129657228018,0.0019054878048780487,0.00234009360374415
19,0.0002944640753828033,0.0006121824303642485,0.0006325110689437065,0.0009823182711198428,0.0006788866259334691,0.00070298769771529,0.00036403349108117945,0.00037257824143070045,0.0011432926829268292,0.001170046801872075
20,0.0,0.0,0.0,0.0,0.0,0.00070298769771529,0.0007280669821623589,0.0011177347242921013,0.0011432926829268292,0.001170046801872075
21,0.0005889281507656066,0.0006121824303642485,0.0006325110689437065,0.0006548788474132286,0.0006788866259334691,0.00070298769771529,0.00036403349108117945,0.0007451564828614009,0.0011432926829268292,0.001170046801872075
22,0.0,0.00030609121518212427,0.00031625553447185326,0.0003274394237066143,0.0006788866259334691,0.00070298769771529,0.0010921004732435385,0.0007451564828614009,0.00038109756097560977,0.000390015600624025
23,0.0,0.00030609121518212427,0.0006325110689437065,0.0006548788474132286,0.0010183299389002036,0.001054481546572935,0.0010921004732435385,0.0014903129657228018,0.0011432926829268292,0.0015600624024961
24,0.0,0.0,0.0,0.0,0.0,0.000351493848857645,0.00036403349108117945,0.0011177347242921013,0.001524390243902439,0.0
25,0.0,0.0,0.0,0.0003274394237066143,0.00033944331296673454,0.00070298769771529,0.0010921004732435385,0.0014903129657228018,0.0011432926829268292,0.00078003120124805
26,0.0,0.0,0.0,0.0,0.0,0.00070298769771529,0.0007280669821623589,0.0007451564828614009,0.0019054878048780487,0.00234009360374415
27,0.0,0.0,0.0,0.0,0.0,0.0,0.0007280669821623589,0.0011177347242921013,0.001524390243902439,0.0019500780031201249
28,0.0,0.0,0.0,0.0006548788474132286,0.0006788866259334691,0.00070298769771529,0.0007280669821623589,0.00037257824143070045,0.00038109756097560977,0.001170046801872075
29,0.0,0.0,0.0,0.0,0.0,0.0,0.00036403349108117945,0.00037257824143070045,0.00038109756097560977,0.000390015600624025
30,0.0,0.00030609121518212427,0.0,0.0,0.00033944331296673454,0.000351493848857645,0.0,0.00037257824143070045,0.0,0.0
31,0.0,0.0,0.0,0.0,0.0,0.0,0.00036403349108117945,0.00037257824143070045,0.00038109756097560977,0.000390015600624025
32,0.0,0.0,0.0,0.0,0.0,0.0,0.0,0.0,0.0,0.0
33,0.0,0.0,0.0,0.0,0.0,0.0,0.00036403349108117945,0.00037257824143070045,0.00038109756097560977,0.00078003120124805
34,0.0005889281507656066,0.0006121824303642485,0.00031625553447185326,0.0003274394237066143,0.00033944331296673454,0.000351493848857645,0.0007280669821623589,0.0007451564828614009,0.001524390243902439,0.0015600624024961
35,0.0,0.0,0.0006325110689437065,0.0,0.0,0.000351493848857645,0.00036403349108117945,0.00037257824143070045,0.0007621951219512195,0.000390015600624025
36,0.0,0.0,0.00031625553447185326,0.0003274394237066143,0.00033944331296673454,0.000351493848857645,0.00036403349108117945,0.0007451564828614009,0.0007621951219512195,0.0015600624024961
37,0.0002944640753828033,0.0,0.0,0.0,0.0,0.0,0.0,0.0,0.00038109756097560977,0.000390015600624025
38,0.0,0.0,0.0,0.0,0.0,0.0,0.0,0.0,0.0,0.0
39,0.0,0.0,0.0,0.0,0.0,0.0,0.0,0.00037257824143070045,0.00038109756097560977,0.0
40,0.0,0.0,0.0,0.0003274394237066143,0.00033944331296673454,0.000351493848857645,0.00036403349108117945,0.0,0.0,0.0
41,0.0,0.0,0.0,0.0,0.0,0.0,0.0,0.0,0.0,0.0
42,0.0,0.00030609121518212427,0.00031625553447185326,0.0003274394237066143,0.00033944331296673454,0.000351493848857645,0.00036403349108117945,0.00037257824143070045,0.00038109756097560977,0.000390015600624025
43,0.0,0.0,0.0,0.0,0.0,0.0,0.0,0.0,0.0,0.0
44,0.0,0.0,0.0,0.0,0.0,0.0,0.0,0.0,0.0,0.0
45,0.0,0.0,0.00031625553447185326,0.0006548788474132286,0.0006788866259334691,0.000351493848857645,0.0,0.0,0.0,0.0
46,0.0,0.0,0.0,0.0,0.0,0.0,0.0,0.0,0.00038109756097560977,0.00078003120124805
47,0.0002944640753828033,0.0,0.0,0.0,0.0,0.0,0.0,0.0,0.0,0.000390015600624025
48,0.0,0.00030609121518212427,0.00031625553447185326,0.0003274394237066143,0.00033944331296673454,0.00070298769771529,0.0,0.00037257824143070045,0.0,0.0
49,0.0,0.0,0.0,0.0,0.00033944331296673454,0.0,0.0,0.0,0.0,0.000390015600624025
50,0.0,0.0,0.00031625553447185326,0.0003274394237066143,0.00033944331296673454,0.000351493848857645,0.00036403349108117945,0.00037257824143070045,0.00038109756097560977,0.000390015600624025
