track_name,artists,rows,best_rank,first_chart,last_chart,track_uri,release_date,release_date_precision,notes
Mr. Brightside,The Killers,2088,4,2020-08-15,2026-09-17,spotify:track:003vvx7Niy0yvhvHt4a68B,2003-09-29,day,
Money Trees,Kendrick Lamar|Jay Rock,1658,17,2017-04-14,2026-08-27,spotify:track:2HbKqm4o0w5wEeEFXm2sD4,2012-10-22,day,
Iris,The Goo Goo Dolls,924,9,2017-02-14,2026-09-17,spotify:track:6Qyc6fS4DsZjB2mRW9DsQs,1998-03-31,day,City of Angels soundtrack
Santa Baby (with Henri René & His Orchestra),Eartha Kitt|Henri René and His Orchestra,290,18,2017-11-24,2025-12-26,spotify:track:1foCxQtxBweJtZmdxhEHVO,1953,year,
"Carol of the Bells (From ""Home Alone"" Soundtrack)",John Williams,276,16,2017-11-23,2025-12-26,spotify:track:4tHqQMWSqmL6YjXwsqthDI,1990,year,
"Lover, You Should've Come Over",Jeff Buckley,251,49,2025-03-31,2026-09-17,spotify:track:6Jv7kjGkhY2fT4yuBF3aTz,1994-08-23,day,
Headlock,Imogen Heap,235,32,2025-01-06,2025-09-21,spotify:track:63Pi2NAx5yCgeLhCTOrEou,2005-07-18,day,
Here Comes Santa Claus (Right Down Santa Claus Lane) - 1947 Version,Gene Autry,231,27,2017-12-03,2025-12-26,spotify:track:25leEEaz1gIpp7o21Fqyjo,1947,year,
"Santa Claus Is Comin' to Town - Live at C.W. Post College, Greenvale, NY - December 1975",Bruce Springsteen,189,23,2017-12-24,2025-12-26,spotify:track:6s2wpWPFPAgKg2LXxi1Oee,1982,year,Recorded live 1975; first released 1982
This Christmas,Donny Hathaway,180,30,2018-12-24,2025-12-26,spotify:track:7MSYSOobsombc1mbDWFxtD,1970,year,
Mistletoe And Holly - Remastered 1999,Frank Sinatra,176,29,2017-12-03,2025-12-25,spotify:track:7faDzZnZYqTyYThx2sbHVQ,1957,year,
Jingle Bells - Remastered 1999,Frank Sinatra,161,17,2017-12-25,2025-12-26,spotify:track:4HEOgBHRCExyYVeTyrXsnL,1957,year,
FEFE (feat. Nicki Minaj & Murda Beatz),6ix9ine|Nicki Minaj|Murda Beatz,143,2,2018-07-22,2018-12-11,spotify:track:2E124GmJRnBJuXbTb4cPUB,2018-07-01,day,
Have Yourself A Merry Little Christmas - Remastered 1999,Frank Sinatra,137,29,2020-12-24,2025-12-26,spotify:track:2FPfeYlrbSBR8PwCU0zaqq,1957,year,
Listen to the Music,The Doobie Brothers,134,50,2023-07-04,2026-07-04,spotify:track:7Ar4G7Ci11gpt6sfH9Cgz5,1972,year,
Kryptonite,3 Doors Down,126,43,2025-05-08,2026-09-17,spotify:track:6ZOBP3NvffbU4SZcrnt1k6,2000,year,
FEFE (feat. Nicki Minaj & Murda Beatz),6ix9ine|Nicki Minaj|Murda Beatz,126,29,2018-12-12,2019-05-04,spotify:track:4QIyEq7TcTdAcxjI2AFlAK,2018-07-01,day,
You Make My Dreams (Come True),Daryl Hall & John Oates,125,74,2017-01-01,2025-07-05,spotify:track:4o6BgsqLIBViaGVbx5rbRk,1980,year,
TATI (feat. DJ Spinking),6ix9ine|DJ SpinKing,124,19,2018-05-27,2018-12-06,spotify:track:6kp0inxIexxSiDJfWqq0ZL,2018-05,month,
KIKA (feat. Tory Lanez),6ix9ine|Tory Lanez,123,2,2018-11-27,2019-03-30,spotify:track:6Gy7rXB6Ku5vIWC7WGWsl3,2018-11-27,day,
Silver Bells,Dean Martin,104,25,2017-11-26,2025-12-25,spotify:track:4QX5pZQpQTgVlkqfUTDim0,1959,year,
Vienna,Billy Joel,101,128,2024-07-25,2025-12-31,spotify:track:4U45aEWtQhrm8A5mxPaFZ7,1977-09-29,day,
Classic,MKTO,99,96,2021-03-11,2022-04-15,spotify:track:6FE2iI43OZnszFLuLtvvmg,2012,year,
BEBE (feat. Anuel AA),6ix9ine|Anuel AA,83,20,2018-08-31,2018-12-11,spotify:track:7ATATJztoWLcqDAcVVof0C,2018-08,month,
Good as Hell (feat. Ariana Grande) - Remix,Lizzo|Ariana Grande,82,21,2019-10-25,2020-01-29,spotify:track:07Oz5StQ7GRoygNLaXs2pd,2019-10-25,day,
Young,Vacations,77,123,2022-02-01,2022-05-05,spotify:track:1KIJclzEbNhSVw8tiHPWwE,2016,year,Verify
Wonderwall - Remastered,Oasis,77,6,2017-02-09,2026-09-17,spotify:track:5qqabIl2vWzo9ApSC317sa,1995-10-02,day,
"You're A Mean One, Mr. Grinch - From Dr. Seuss' 'How The Grinch Stole Christmas'",Thurl Ravenscroft,75,37,2017-12-02,2021-12-26,spotify:track:6Tof6kPUc2a17GKaKz4IXz,1966,year,
Mr. Brightside,The Killers,71,83,2017-09-30,2019-08-15,spotify:track:7oK9VyNzrYvRFo7nQEYkWN,2003-09-29,day,
Hey Ya!,Outkast,69,80,2017-07-04,2026-09-05,spotify:track:2PpruBYCo4H7WOBJ7Q2EwM,2003,year,
STOOPID (feat. Bobby Shmurda),6ix9ine|Bobby Shmurda,68,5,2018-10-05,2018-12-11,spotify:track:1jQvUmf16VE9WQCPuK2e8K,2018-10-05,day,
MAMA (feat. Nicki Minaj & Kanye West),6ix9ine|Kanye West|Nicki Minaj,58,3,2018-11-27,2019-01-24,spotify:track:1oJ8EDr2pv94IvSd6ZmDgo,2018-11-27,day,
m.A.A.d city,Kendrick Lamar|MC Eiht,53,102,2017-01-18,2025-02-10,spotify:track:439TlnnznSiBbQbgXiBqAd,2012-10-22,day,
Monster Mash,"Bobby ""Boris"" Pickett|The Crypt-Kickers",47,1,2017-10-29,2025-11-01,spotify:track:0xxZY5C9xxij3D1HkzbnfC,1962,year,
WAKA (feat. A Boogie Wit da Hoodie),6ix9ine|A Boogie Wit da Hoodie,44,5,2018-11-27,2019-01-11,spotify:track:6o79O9qBP3OAkWOXajAQIS,2018-11-27,day,
Headlock,Imogen Heap,44,45,2024-11-12,2025-01-05,spotify:track:7vTENp2sLS3sPY5z4npYNr,2005-07-18,day,
TIC TOC (feat. Lil Baby),6ix9ine|Lil Baby,42,2,2018-11-27,2019-01-08,spotify:track:4m5Cd9kAbIxg6t9sMrQWtk,2018-11-27,day,
Like a Stone,Audioslave,42,67,2017-05-18,2026-09-17,spotify:track:2xt2piJx6jlFkjS77YiqpL,2002-11-19,day,
Up Down (Do This All Day) (feat. B.o.B),T-Pain|B.o.B,38,86,2025-08-26,2025-10-10,spotify:track:6lbhWl34Il0WXm5pX1fM9E,2013,year,
Mr. Brightside,The Killers,35,130,2020-05-03,2020-08-02,spotify:track:7d8GetOsjbxYnlo6Y9e5Kw,2003-09-29,day,
Linger - Remastered 2026,The Cranberries,30,23,2026-08-07,2026-09-17,spotify:track:1WYrTfvKjQYaYfVziGG1ET,1993-02,month,Original release; remaster is 2026
(Sittin' On) the Dock of the Bay,Otis Redding,29,89,2021-11-25,2024-11-29,spotify:track:3zBhihYUHBmGd2bcQIobrF,1968-01-08,day,
(Don't Fear) The Reaper,Blue Öyster Cult,27,19,2017-10-31,2025-11-01,spotify:track:5QTxFnGygVM4jFQiBovmRo,1976-05,month,
Dog Days Are Over,Florence + The Machine,25,87,2023-05-07,2023-06-01,spotify:track:456WNXWhDwYOSf5SpTuqxd,2008-12-01,day,
The First Noel - Remastered 1999,Frank Sinatra,25,31,2017-12-03,2020-12-25,spotify:track:6keKIzkXWdbwJWMBJQUwYl,1957,year,
9 to 5,Dolly Parton,22,2,2026-08-25,2026-09-15,spotify:track:4w3tQBXhn5345eUXDGBWZG,1980-11,month,
Rudolph the Red-Nosed Reindeer,Gene Autry,22,81,2017-12-24,2025-12-25,spotify:track:1dtIaSlyrLI04sqYa8nLyN,1949,year,
Would You Go With Me,Josh Turner,18,111,2021-05-06,2021-06-08,spotify:track:1KhrAWvLIjRlQIJtSTgvsi,2006,year,
American Pie,Don McLean,18,7,2019-07-04,2026-07-06,spotify:track:1fDsrQ23eTAVFElUMaf38X,1971,year,
Do You Hear What I Hear,Bing Crosby,18,48,2023-12-09,2023-12-26,spotify:track:1sGl3liCZn91OcFpjOJXIE,1963,year,
This Love,Maroon 5,17,156,2025-10-15,2026-03-25,spotify:track:6ECp64rv50XVz93WvxXMGF,2002-06-25,day,
The First Noël,Andy Williams,17,72,2021-12-05,2025-12-25,spotify:track:4r87anpJZfl5p6OsBZnrZs,1963,year,
Sleigh Ride,Andy Williams,16,50,2017-12-22,2025-12-25,spotify:track:5ymVfeMK8cDew5vzntTuc7,1963,year,
Jack & Diane,John Mellencamp,13,51,2019-07-04,2026-07-05,spotify:track:43btz2xjMKpcmjkuRsvxyg,1982,year,
Merry Christmas Baby,Otis Redding,13,88,2020-12-24,2025-12-25,spotify:track:4STCTQ1h0VuWfvDyhGOxkv,1968,year,
KANGA (feat. Kanye West),6ix9ine|Kanye West,11,12,2018-11-27,2018-12-07,spotify:track:0EwS8XJQspgrj1zSUXhFkl,2018-11-27,day,
Just the Two of Us (feat. Bill Withers),"Grover Washington, Jr.|Bill Withers",11,171,2020-12-03,2021-01-03,spotify:track:1ko2lVN0vKGUl9zrU0qSlT,1980,year,
All The Things She Said,t.A.T.u.,11,144,2026-01-12,2026-01-22,spotify:track:4bJygwUKrRgq1stlNXcgMg,2002,year,
Ignition - Remix,R. Kelly,10,180,2017-01-01,2018-04-15,spotify:track:5dNfHmqgr128gMY2tc5CeJ,2003,year,Verify
Should I Stay or Should I Go - Remastered,The Clash,10,133,2017-01-01,2026-01-08,spotify:track:39shmbIHICJ2Wxnk1fPSdz,1982-05-14,day,
Right Down the Line,Gerry Rafferty,9,154,2022-01-24,2022-02-01,spotify:track:2Xb6wJYGi0QXwURw5WWvI5,1978,year,
Halo,Beyoncé,9,63,2017-01-28,2019-02-14,spotify:track:2CvOqDpQIMw69cCzWqr5yr,2008-11,month,
Brandy (You're a Fine Girl),Looking Glass,9,113,2023-07-04,2025-07-05,spotify:track:2BY7ALEWdloFHgQZG6VMLA,1972,year,
Punkrocker (feat. Iggy Pop) - As featured in Superman,Teddybears|Iggy Pop,8,68,2025-07-16,2025-07-24,spotify:track:7yHRmaBkHKXKJmS1xMzicZ,2004,year,Original 2004 release; Superman tie-in reissue is 2025
The Christmas Waltz,Peggy Lee,8,76,2017-12-24,2021-12-25,spotify:track:4DV9KToOaC0khx2MqOZstE,1960,year,
I Put a Spell On You,Screamin' Jay Hawkins,8,48,2019-10-31,2025-10-31,spotify:track:3sLhMSePzxSrmxluIqeoAZ,1956,year,
Since U Been Gone,Kelly Clarkson,8,116,2026-08-19,2026-08-26,spotify:track:6JY1IdkZGeIcPegKxjSKeb,2004-11,month,
Gimme! Gimme! Gimme! (A Man After Midnight),ABBA,8,44,2022-10-31,2026-01-01,spotify:track:3vkQ5DAB1qQMYO4Mr9zJN6,1979-10,month,
MALA (feat. Anuel AA),6ix9ine|Anuel AA,8,31,2018-11-28,2018-12-05,spotify:track:0LQ1J0BCzA2qnAgp9MkkNE,2018-11-27,day,
FEEFA (feat. Gunna),6ix9ine|Gunna,7,14,2018-11-28,2018-12-04,spotify:track:26jYPsHHSOxCTz4cLt6SbQ,2018-11-27,day,
STOOPID (feat. Bobby Shmurda),6ix9ine|Bobby Shmurda,7,144,2018-12-12,2018-12-18,spotify:track:6k2iq1yULhXILe0i8xQqPF,2018-10-05,day,
White Christmas (02-04-54),Clyde McPhatter & The Drifters,6,69,2024-12-20,2024-12-25,spotify:track:5Ds51Ek912Zaprrt61JNO0,1954,year,
removed_11,,6,18,2026-07-13,2026-07-18,spotify:track:3vuTjROEdeCq8V3c1cvlxJ,,,No track name; look up by URI
Christmas Time,The Platters,6,77,2017-12-24,2020-12-25,spotify:track:2345kZ5rt8eHjO8CFpx3Yi,1968-09-21,day,
She Will Be Loved - Radio Mix,Maroon 5,6,128,2017-02-14,2025-10-15,spotify:track:4llK75pXNWZz6KAho2Gp16,2002-06-25,day,
"F**kin' Problems (feat. Drake, 2 Chainz & Kendrick Lamar)",A$AP Rocky|Drake|2 Chainz|Kendrick Lamar,6,186,2017-02-05,2017-04-15,spotify:track:4X5f3vT8MRuXF68pfjNte5,2012-10,month,
The Christmas Waltz - Remastered 1999,Frank Sinatra,6,103,2022-12-24,2025-12-25,spotify:track:6G7QhTqDsP5vIdLQTYXXOU,1957,year,
White Christmas,The Drifters,6,97,2025-12-20,2025-12-25,spotify:track:72Z28IsvEVLjSWdUKEQgZ0,1954,year,
I Will Always Love You,Dolly Parton,6,6,2026-08-25,2026-08-30,spotify:track:77bNe6jYY8yHdP7orXrz5I,1974,year,
removed_6,,6,122,2017-11-09,2017-11-14,spotify:track:1YqcGlCHNquxBhlUZsjhMT,,,No track name; look up by URI
Dancing Queen,ABBA,6,114,2022-07-04,2026-01-01,spotify:track:0GjEhVFGZW8afUYGChu3Rr,1976-08-16,day,
"Bitch, Don’t Kill My Vibe",Kendrick Lamar,5,119,2022-02-14,2025-02-13,spotify:track:4Pwjz3DfvfQWV0rO2V8jyh,2012-10-22,day,
Frosty the Snowman (with The Cass County Boys) - 78rpm Version,Gene Autry|Cass County Boys,5,139,2022-12-25,2025-12-25,spotify:track:3i8j2dKXChkErfi8jsDDuH,1950,year,
Coat of Many Colors,Dolly Parton,5,7,2026-08-25,2026-08-29,spotify:track:1l2Xmg54EUr3TDzNIaCr1z,1971,year,
BEBE (feat. Anuel AA),6ix9ine|Anuel AA,5,165,2018-12-12,2018-12-16,spotify:track:4KkUjFkcQvGvWekl8RATDn,2018-08,month,
Mr. Blue Sky,Electric Light Orchestra,5,150,2017-05-08,2022-07-04,spotify:track:2RlgNHKcydI9sayD2Df2xp,1977-10,month,
Fashion Killa,A$AP Rocky,5,168,2026-01-26,2026-01-31,spotify:track:0O3TAouZE4vL9dM5SyxgvH,2013-01-15,day,
Dab of Ranch - Recorded at Spotify Studios NYC,Migos|DJ Durel,4,148,2017-02-11,2017-02-16,spotify:track:3lNfezSWDZIdt6XMwyNCJi,2017-02-08,day,Spotify Singles session
Poetic Justice,Kendrick Lamar|Drake,4,104,2025-02-10,2025-02-13,spotify:track:2P3SLxeQHPqh8qKB6gtJY2,2012-10-22,day,
A Marshmallow World,Dean Martin,4,82,2024-12-23,2025-12-25,spotify:track:3szI9hDVbyOYU0yd77G35n,1966,year,
Silent Night - 1999 Remaster,Frank Sinatra,4,157,2021-12-25,2023-12-25,spotify:track:5yNgdD8E6WruhULb4n2Con,1957,year,
R.O.C.K. In The U.S.A. (A Salute To 60's Rock),John Mellencamp,3,32,2025-07-04,2026-07-05,spotify:track:0lqfBvf1Gqmmt3l5Qeirlm,1985,year,
Carry on Wayward Son,Kansas,3,123,2021-07-04,2025-07-04,spotify:track:4DMKwE2E2iYDKY01C335Uw,1976,year,
The Christmas List,Peggy Lee,3,122,2021-12-24,2022-12-25,spotify:track:2Vfm43BaQcTY55P6R9WvRe,1960,year,Verify
Break Stuff,Limp Bizkit,3,168,2025-10-21,2025-10-23,spotify:track:5cZqsjVs6MevCnAkasbEOX,1999-06-22,day,
Hey Santa Claus,The Moonglows,3,21,2024-12-13,2024-12-15,spotify:track:4HOQ9KMQPdaR5YrOuhrA60,1953,year,
2000 Miles - 2007 Remaster,Pretenders,3,169,2020-12-25,2024-12-25,spotify:track:5wTM2Bm8phDwHAuOsfBwhU,1983,year,
DUMMY (feat. TrifeDrew),6ix9ine|TrifeDrew,3,45,2018-11-28,2018-11-30,spotify:track:3uPuEFKEzGTn628CCQZUCF,2018-11-27,day,
Paradise by the Dashboard Light (with Ellen Foley),Meat Loaf|Ellen Foley,2,77,2022-01-21,2022-01-22,spotify:track:7mzHEzbsl5iOvBRuXwReZU,1977-10-21,day,
Lust For Life,Drake,2,97,2019-02-15,2019-02-16,spotify:track:1v24T2ug4TlssYZvI3aL4O,2009-02-13,day,So Far Gone mixtape; streaming release 2019-02-14
Show Me How to Live,Audioslave,2,127,2017-05-18,2017-05-19,spotify:track:21tuvt3CXIsNquc32v8jpc,2002-11-19,day,
Pink Houses,John Mellencamp,2,151,2021-07-04,2022-07-04,spotify:track:5JKQMoGmXwDHCodn5pFVHB,1983,year,
You Wreck Me,Tom Petty,2,59,2017-10-03,2017-10-04,spotify:track:0YkbYk24ODhuewb79zZZzM,1994-11-01,day,
November 18th,Drake,2,149,2019-02-15,2019-02-16,spotify:track:0JaVdpmiex2EP7bBzyKVTa,2009-02-13,day,So Far Gone mixtape; streaming release 2019-02-14
removed_5,,2,125,2017-07-22,2017-07-23,spotify:track:6Br5mChPdgQNmLF0G0gjPH,,,No track name; look up by URI
Stand by Me,Otis Redding,2,155,2017-01-01,2020-11-26,spotify:track:1aj4GXfmEYXfdVZohCpNKu,1964,year,
Successful (feat. Trey Songz & Lil Wayne),Drake|Trey Songz|Lil Wayne,2,120,2019-02-15,2019-02-16,spotify:track:6NwhtCYkfwWlcR62Ac4E7y,2009-02-13,day,So Far Gone mixtape; streaming release 2019-02-14
A Horse with No Name,America|George Martin,2,186,2026-04-01,2026-04-04,spotify:track:54eZmuggBFJbV7k248bTTt,1971,year,
"Take Me Home, Country Roads - Original Version",John Denver,2,151,2026-07-04,2026-07-05,spotify:track:1YYhDizHx7PnDhAhko6cDS,1971,year,
You Don't Know How It Feels,Tom Petty,2,55,2017-10-03,2017-10-04,spotify:track:7MooGz4ZPE4bNxjFegR6Jx,1994-11-01,day,
Can't Take My Eyes off You,Frankie Valli,2,111,2026-02-14,2026-02-15,spotify:track:0bfvHnWWOeU1U5XeKyVLbW,1967,year,
removed_2,,2,63,2017-07-20,2017-07-21,spotify:track:3bVbQvGVIe4n24AzyXovXh,,,No track name; look up by URI
Houstatlantavegas,Drake,2,112,2019-02-15,2019-02-16,spotify:track:3XLSlQLJf3Ut0zvMUxnF1h,2009-02-13,day,So Far Gone mixtape; streaming release 2019-02-14
The Wreck of the Edmund Fitzgerald,Gordon Lightfoot,2,63,2025-11-10,2025-11-11,spotify:track:536L9C0N7vhYdibCJx3cI2,1976,year,
removed_3,,2,33,2017-07-20,2017-07-21,spotify:track:3eFJqPe8VUYrABbFjSauuj,,,No track name; look up by URI
FEFE (feat. Nicki Minaj & Murda Beatz),6ix9ine|Nicki Minaj|Murda Beatz,2,185,2020-05-12,2020-05-13,spotify:track:2l8nEO0vsTRCRnGqQty6qx,2018-07-01,day,
The Christmas Song (Chestnuts Roasting On an Open Fire),Andy Williams,2,174,2023-12-25,2024-12-25,spotify:track:4A742PQbmGq3JVJ7aKjk2K,1963,year,
OMG (Young Money Remix),Jae Millz,2,88,2024-02-11,2024-02-12,spotify:track:0181HMomm7xM3Ks5YNlA9X,2010,year,Verify
removed_4,,2,8,2017-07-20,2017-07-21,spotify:track:4JAyIDXOqNM6qHuZML01uX,,,No track name; look up by URI
Wildflowers,Tom Petty,2,64,2017-10-03,2017-10-04,spotify:track:2Pr1nZpt8A8WP7QYpyq6L3,1994-11-01,day,
WONDO,6ix9ine,2,48,2018-11-28,2018-11-29,spotify:track:3jHsYztlhj1GunIF6yIePH,2018-11-27,day,
I Want Candy,Bow Wow Wow,2,58,2021-10-31,2022-10-31,spotify:track:2FMcDUopGfjBh3xMsrm78S,1982,year,
removed_1,,2,16,2017-07-20,2017-07-21,spotify:track:3RXkboS74UYzN14xTqzPyY,,,No track name; look up by URI
Banana Boat (Day-O),Harry Belafonte,2,95,2025-10-31,2025-11-01,spotify:track:4fHDlIntTsRGSyTg5UYZYC,1956,year,
Hark! The Herald Angels Sing - Remastered 1999,Frank Sinatra,2,169,2024-12-25,2025-12-25,spotify:track:2BLwLAc1swTc4TC7K3J506,1957,year,
Home,Michael Bublé,2,104,2021-11-25,2022-11-24,spotify:track:4wLZ4zPM9c4oe1VV8ejdWV,2005-02-08,day,
Timber,Pitbull|Kesha,2,81,2025-01-01,2026-01-01,spotify:track:3cHyrEgdyYRjgJKSOiOtcS,2013-10-07,day,
removed_10,,1,35,2024-04-19,2024-04-19,spotify:track:6rtEzZyFomFPjpSPymcebO,,,No track name; look up by URI
Two Out of Three Ain't Bad,Meat Loaf,1,171,2022-01-21,2022-01-21,spotify:track:6zYdoGQaG0LwePeZdTWkg3,1977-10-21,day,
Angel from Montgomery,John Prine,1,64,2020-04-08,2020-04-08,spotify:track:2qWKpYIleSvBT6aUMXoia5,1971,year,
removed_7,,1,70,2023-03-11,2023-03-11,spotify:track:388w7AL2APajofeBQqby1J,,,No track name; look up by URI
removed_9,,1,193,2024-01-31,2024-01-31,spotify:track:7yISDabQTwkhyWCDnEJiuh,,,No track name; look up by URI
Rockin' Around the Christmas Tree - Rerecorded Version,Brenda Lee,1,170,2024-12-25,2024-12-25,spotify:track:09OojFvtrM9YRzRjnXqJjA,1958,year,"Original 1958; this re-recording is later, date unknown"
Bat Out of Hell,Meat Loaf,1,177,2022-01-21,2022-01-21,spotify:track:0VafPclbphrwh36WraHWws,1977-10-21,day,
"""Heroes"" - 2017 Remaster",David Bowie,1,186,2026-01-03,2026-01-03,spotify:track:7Jh1bpe76CNTCgdgAdBw4Z,1977-09-23,day,Original release; remaster is 2017
Medellín,Madonna|Maluma,1,181,2019-04-19,2019-04-19,spotify:track:3tTV4DYlhkiXRNiiXwIAPf,2019-04-17,day,
I'll Be Home For Christmas (If Only In My Dreams) - Remastered 1999,Frank Sinatra,1,179,2025-12-25,2025-12-25,spotify:track:0AY6UDs5EyeW45oQkEpsly,1957,year,
A Horse with No Name,America|George Martin,1,198,2026-07-04,2026-07-04,spotify:track:0iAzEJWNn7ZLAldDEYLECV,1971,year,
White Christmas - Remastered 1999,Frank Sinatra,1,190,2025-12-25,2025-12-25,spotify:track:3qcjMLT05VwLyZ8BNQgXZh,1954,year,Verify which Sinatra recording
Tainted Love,Soft Cell,1,174,2021-10-31,2021-10-31,spotify:track:0cGG2EouYCEEC3xfa0tDFV,1981,year,
Grandma Got Run over by a Reindeer,Elmo & Patsy,1,182,2023-12-25,2023-12-25,spotify:track:49iHYFjT5yO6WEw6KerX9o,1979,year,
Ignant Shit (feat. Lil Wayne),Drake|Lil Wayne,1,160,2019-02-15,2019-02-15,spotify:track:2hcohLIysMxofYziluXCoX,2009-02-13,day,So Far Gone mixtape; streaming release 2019-02-14
We Three Kings - Remastered 2006,Ella Fitzgerald,1,165,2022-12-25,2022-12-25,spotify:track:0si9tjG0DZWkgydIyJBM0N,1967,year,Verify
Banana Boat (Day-O),Harry Belafonte,1,74,2024-10-31,2024-10-31,spotify:track:26M0nMLdE4WFYaS2ewTl8M,1956,year,
Meditation,Walter Wanderley,1,104,2025-04-01,2025-04-01,spotify:track:2DlsEWns58UPs5X7PXrPJI,1966,year,Verify
Time To Move On,Tom Petty,1,86,2017-10-03,2017-10-03,spotify:track:20dt11ZTAtjsfcNJLP9u30,1994-11-01,day,
Acá Entre Nos,Vicente Fernández,1,118,2021-12-13,2021-12-13,spotify:track:2FDFz5TuYlpP180AUicAcl,1992-06-12,day,
Centerfold,The J. Geils Band,1,167,2022-07-04,2022-07-04,spotify:track:1ynmMEK1fkyiZ6Z6F3ThEt,1981,year,
(What A) Wonderful World - Mono,Sam Cooke,1,97,2020-11-26,2020-11-26,spotify:track:2G0GextMwZJLkNxcSZ7ZJ3,1960,year,
O-o-h Child,The Five Stairsteps,1,155,2020-06-02,2020-06-02,spotify:track:1rwGdnrtWnPYBipRrjnzEm,1970,year,
Small Town,John Mellencamp,1,104,2026-07-04,2026-07-04,spotify:track:2HsjJJL4DhPCzMlnaGv7ap,1985,year,
Am I Wrong,Nico & Vinz,1,150,2018-07-04,2018-07-04,spotify:track:1fidCEsYlaVE3pHwKCvpFZ,2013,year,
It's Good To Be King,Tom Petty,1,145,2017-10-03,2017-10-03,spotify:track:1c0flvMImhKMuiZIc0VzEb,1994-11-01,day,
Cochise,Audioslave,1,173,2017-05-18,2017-05-18,spotify:track:4OCzAGgyWsUKpdWufYywZm,2002-11-19,day,
Let’s Call It Off (feat. Peter Bjorn and John),Drake|Peter Bjorn and John,1,174,2019-02-15,2019-02-15,spotify:track:4FDSPGncHRpr6yB8DD4CtI,2009-02-13,day,So Far Gone mixtape; streaming release 2019-02-14
removed_8,,1,191,2023-05-04,2023-05-04,spotify:track:19eQKZicAzXgQ2Tg3y4K0N,,,No track name; look up by URI
"I Can't Help Myself (Sugar Pie, Honey Bunch)",Four Tops,1,174,2020-11-26,2020-11-26,spotify:track:6b6IMqP565TbtFFZg9iFf3,1965,year,
Send the Pain Below,Chevelle,1,200,2026-09-16,2026-09-16,spotify:track:6dRAAG4sB71NAtVCHJep7s,2002-10-08,day,
Change (In the House of Flies),Deftones,1,200,2025-08-21,2025-08-21,spotify:track:51c94ac31swyDQj9B3Lzs3,2000-05,month,
Banana Boat (Day-O),Harry Belafonte,1,186,2023-10-31,2023-10-31,spotify:track:6karniIiNCwiJW3LCmL90y,1956,year,
T-Shirt (Spotify Mix) - Recorded at Spotify Studios NYC,Migos,1,148,2017-02-10,2017-02-10,spotify:track:7yTGNfswQgcfZ0Y1LLI5aA,2017-02-08,day,Spotify Singles session
